date,odds,matchStatsUrl,opponent
May 21 2014,$1.024,http://www.tennisinsight.com/match_stats_popup.php?matchID=185934133,Peter Polansky
May 12 2014,$1.661,http://www.atpworldtour.com/Share/Match-Facts-Pop-Up.aspx?t=416&y=2014&r=4&p=D875,Grigor Dimitrov
May 12 2014,$1.110,http://www.atpworldtour.com/Share/Match-Facts-Pop-Up.aspx?t=416&y=2014&r=3&p=BA47,Dmitry Tursunov
May 5 2014,$6.296,http://www.atpworldtour.com/Share/Match-Facts-Pop-Up.aspx?t=1536&y=2014&r=5&p=N409,Rafael Nadal
May 5 2014,$1.713,http://www.atpworldtour.com/Share/Match-Facts-Pop-Up.aspx?t=1536&y=2014&r=4&p=BA47,Grigor Dimitrov
May 5 2014,$1.199,http://www.atpworldtour.com/Share/Match-Facts-Pop-Up.aspx?t=1536&y=2014&r=3&p=BA47,Kevin Anderson
Apr 28 2014,$1.248,http://www.atpworldtour.com/Share/Match-Facts-Pop-Up.aspx?t=468&y=2014&r=7&p=B884,Carlos Berlocq
Apr 28 2014,$1.177,http://www.atpworldtour.com/Share/Match-Facts-Pop-Up.aspx?t=468&y=2014&r=6&p=BA47,Victor Hanescu
Apr 28 2014,$1.167,http://www.atpworldtour.com/Share/Match-Facts-Pop-Up.aspx?t=468&y=2014&r=5&p=BA47,Leonardo Mayer
Apr 28 2014,$1.046,http://www.atpworldtour.com/Share/Match-Facts-Pop-Up.aspx?t=468&y=2014&r=4&p=BA47,Somdev Devvarman
Apr 13 2014,$1.258,http://www.atpworldtour.com/Share/Match-Facts-Pop-Up.aspx?t=410&y=2014&r=4&p=G476,Guillermo Garcia-Lopez
Apr 13 2014,$1.096,http://www.atpworldtour.com/Share/Match-Facts-Pop-Up.aspx?t=410&y=2014&r=3&p=BA47,Dmitry Tursunov
Mar 17 2014,$4.263,http://www.atpworldtour.com/Share/Match-Facts-Pop-Up.aspx?t=403&y=2014&r=6&p=N409,Rafael Nadal
Mar 17 2014,$1.376,http://www.atpworldtour.com/Share/Match-Facts-Pop-Up.aspx?t=403&y=2014&r=5&p=BA47,Alexandr Dolgopolov
Mar 17 2014,$1.412,http://www.atpworldtour.com/Share/Match-Facts-Pop-Up.aspx?t=403&y=2014&r=4&p=BA47,John Isner
Mar 17 2014,$1.082,http://www.atpworldtour.com/Share/Match-Facts-Pop-Up.aspx?t=403&y=2014&r=3&p=BA47,Joao Sousa
Mar 17 2014,$1.065,http://www.atpworldtour.com/Share/Match-Facts-Pop-Up.aspx?t=403&y=2014&r=2&p=BA47,Stephane Robert
Mar 3 2014,$1.147,http://www.atpworldtour.com/Share/Match-Facts-Pop-Up.aspx?t=404&y=2014&r=2&p=BD06,Roberto Bautista Agut
Feb 24 2014,$2.298,http://www.atpworldtour.com/Share/Match-Facts-Pop-Up.aspx?t=495&y=2014&r=7&p=F324,Roger Federer
Feb 24 2014,$1.152,http://www.atpworldtour.com/Share/Match-Facts-Pop-Up.aspx?t=495&y=2014&r=6&p=BA47,Philipp Kohlschreiber
Feb 24 2014,$1.384,http://www.atpworldtour.com/Share/Match-Facts-Pop-Up.aspx?t=495&y=2014&r=5&p=BA47,Jo-Wilfried Tsonga
Feb 24 2014,$1.082,http://www.atpworldtour.com/Share/Match-Facts-Pop-Up.aspx?t=495&y=2014&r=4&p=BA47,Sergiy Stakhovsky
Feb 24 2014,$1.041,http://www.atpworldtour.com/Share/Match-Facts-Pop-Up.aspx?t=495&y=2014&r=3&p=BA47,Marius Copil
Feb 10 2014,$1.472,http://www.atpworldtour.com/Share/Match-Facts-Pop-Up.aspx?t=407&y=2014&r=7&p=BA47,Marin Cilic
Feb 10 2014,$1.574,http://www.atpworldtour.com/Share/Match-Facts-Pop-Up.aspx?t=407&y=2014&r=6&p=BA47,Ernests Gulbis
Feb 10 2014,$1.366,http://www.atpworldtour.com/Share/Match-Facts-Pop-Up.aspx?t=407&y=2014&r=5&p=BA47,Jerzy Janowicz
Feb 10 2014,$1.105,http://www.atpworldtour.com/Share/Match-Facts-Pop-Up.aspx?t=407&y=2014&r=4&p=BA47,Nicolas Mahut
Feb 10 2014,$1.132,http://www.atpworldtour.com/Share/Match-Facts-Pop-Up.aspx?t=407&y=2014&r=3&p=BA47,Andreas Seppi
Jan 13 2014,$1.554,http://www.tennisinsight.com/match_stats_popup.php?matchID=183704602,Stan Wawrinka
Jan 13 2014,$1.109,http://www.tennisinsight.com/match_stats_popup.php?matchID=183704503,David Ferrer
Jan 13 2014,$1.033,http://www.tennisinsight.com/match_stats_popup.php?matchID=183704405,Kevin Anderson
Jan 13 2014,$1.036,http://www.tennisinsight.com/match_stats_popup.php?matchID=183704309,Damir Dzumhur
Jan 13 2014,$1.024,http://www.tennisinsight.com/match_stats_popup.php?matchID=183704217,Kenny De Schepper
Jan 7 2014,$1.441,http://www.tennisinsight.com/match_stats_popup.php?matchID=183704133,Aleksandr Nedovyesov
Nov 15 2013,$10.342,http://www.atpworldtour.com/Share/Match-Facts-Pop-Up.aspx?t=451&y=2014&r=3&p=K336,Ivo Karlovic
Nov 15 2013,$1.028,http://www.tennisinsight.com/match_stats_popup.php?matchID=183343103,Novak Djokovic
Nov 4 2013,$4.330,http://www.tennisinsight.com/match_stats_popup.php?matchID=183343102,Dusan Lajovic
Nov 4 2013,$2.086,http://www.atpworldtour.com/Share/Match-Facts-Pop-Up.aspx?t=605&y=2013&r=-3&p=N409,Rafael Nadal
Nov 4 2013,$1.752,http://www.atpworldtour.com/Share/Match-Facts-Pop-Up.aspx?t=605&y=2013&r=-5&p=BA47,David Ferrer
Oct 28 2013,$1.958,http://www.atpworldtour.com/Share/Match-Facts-Pop-Up.aspx?t=605&y=2013&r=-7&p=W367,Stan Wawrinka
Oct 28 2013,$2.087,http://www.atpworldtour.com/Share/Match-Facts-Pop-Up.aspx?t=352&y=2013&r=5&p=F401,David Ferrer
Oct 28 2013,$1.057,http://www.atpworldtour.com/Share/Match-Facts-Pop-Up.aspx?t=352&y=2013&r=4&p=BA47,Milos Raonic
Oct 21 2013,$1.249,http://www.atpworldtour.com/Share/Match-Facts-Pop-Up.aspx?t=352&y=2013&r=3&p=BA47,Pablo Andujar
May 21 2014,$1.047,http://www.atpworldtour.com/Share/Match-Facts-Pop-Up.aspx?t=328&y=2013&r=3&p=K336,Ivo Karlovic
Oct 6 2013,$1.395,http://www.atpworldtour.com/Share/Match-Facts-Pop-Up.aspx?t=5014&y=2013&r=4&p=A479,Nicolas Almagro
Oct 6 2013,$1.491,http://www.atpworldtour.com/Share/Match-Facts-Pop-Up.aspx?t=5014&y=2013&r=3&p=BA47,Feliciano Lopez
Sep 30 2013,$4.415,http://www.atpworldtour.com/Share/Match-Facts-Pop-Up.aspx?t=747&y=2013&r=6&p=N409,Rafael Nadal
Sep 30 2013,$1.467,http://www.atpworldtour.com/Share/Match-Facts-Pop-Up.aspx?t=747&y=2013&r=5&p=BA47,John Isner
Sep 30 2013,$1.241,http://www.atpworldtour.com/Share/Match-Facts-Pop-Up.aspx?t=747&y=2013&r=4&p=BA47,Nikolay Davydenko
Sep 30 2013,$1.083,http://www.atpworldtour.com/Share/Match-Facts-Pop-Up.aspx?t=747&y=2013&r=3&p=BA47,Pablo Andujar
Sep 23 2013,$1.588,http://www.atpworldtour.com/Share/Match-Facts-Pop-Up.aspx?t=1720&y=2013&r=7&p=R975,Milos Raonic
Sep 23 2013,$1.373,http://www.atpworldtour.com/Share/Match-Facts-Pop-Up.aspx?t=1720&y=2013&r=6&p=BA47,Gilles Simon
Sep 23 2013,$1.174,http://www.atpworldtour.com/Share/Match-Facts-Pop-Up.aspx?t=1720&y=2013&r=5&p=BA47,Yen-Hsun Lu
Sep 23 2013,$1.200,http://www.atpworldtour.com/Share/Match-Facts-Pop-Up.aspx?t=1720&y=2013&r=4&p=BA47,Roberto Bautista Agut
Sep 13 2013,$1.049,http://www.tennisinsight.com/match_stats_popup.php?matchID=181973102,Leonardo Mayer
Aug 26 2013,$1.373,http://www.tennisinsight.com/match_stats_popup.php?matchID=181634404,Stan Wawrinka
Aug 26 2013,$1.133,http://www.tennisinsight.com/match_stats_popup.php?matchID=181634308,Julien Benneteau
Aug 26 2013,$1.030,http://www.tennisinsight.com/match_stats_popup.php?matchID=181634216,Denis Kudla
Aug 26 2013,$1.024,http://www.tennisinsight.com/match_stats_popup.php?matchID=181634132,Paolo Lorenzi
Aug 18 2013,$3.668,http://www.atpworldtour.com/Share/Match-Facts-Pop-Up.aspx?t=422&y=2013&r=6&p=N409,Rafael Nadal
Aug 18 2013,$3.156,http://www.atpworldtour.com/Share/Match-Facts-Pop-Up.aspx?t=422&y=2013&r=5&p=BA47,Andy Murray
Aug 18 2013,$1.224,http://www.atpworldtour.com/Share/Match-Facts-Pop-Up.aspx?t=422&y=2013&r=4&p=BA47,Tommy Robredo
Aug 18 2013,$1.158,http://www.atpworldtour.com/Share/Match-Facts-Pop-Up.aspx?t=422&y=2013&r=3&p=BA47,Jarkko Nieminen
Aug 18 2013,$1.168,http://www.atpworldtour.com/Share/Match-Facts-Pop-Up.aspx?t=421&y=2013&r=4&p=PD07,Vasek Pospisil
Aug 5 2013,$1.300,http://www.atpworldtour.com/Share/Match-Facts-Pop-Up.aspx?t=421&y=2013&r=3&p=BA47,Alexandr Dolgopolov
Aug 5 2013,$1.073,http://www.atpworldtour.com/Share/Match-Facts-Pop-Up.aspx?t=316&y=2013&r=5&p=D776,Thiemo de Bakker
Jul 8 2013,$1.057,http://www.atpworldtour.com/Share/Match-Facts-Pop-Up.aspx?t=316&y=2013&r=4&p=BA47,Martin Alund
Jul 8 2013,$8.023,http://www.tennisinsight.com/match_stats_popup.php?matchID=180604501,Novak Djokovic
Jun 24 2013,$1.407,http://www.tennisinsight.com/match_stats_popup.php?matchID=180604402,Bernard Tomic
Jun 24 2013,$1.208,http://www.tennisinsight.com/match_stats_popup.php?matchID=180604304,Kevin Anderson
Jun 24 2013,$1.077,http://www.tennisinsight.com/match_stats_popup.php?matchID=180604208,Daniel Brands
Jun 24 2013,$1.057,http://www.tennisinsight.com/match_stats_popup.php?matchID=180604116,Martin Klizan
Jun 24 2013,$1.396,http://www.atpworldtour.com/Share/Match-Facts-Pop-Up.aspx?t=311&y=2013&r=5&p=C977,Marin Cilic
Jun 10 2013,$1.096,http://www.atpworldtour.com/Share/Match-Facts-Pop-Up.aspx?t=311&y=2013&r=4&p=BA47,Grega Zemlja
Jun 10 2013,$1.129,http://www.atpworldtour.com/Share/Match-Facts-Pop-Up.aspx?t=311&y=2013&r=3&p=BA47,Thiemo de Bakker
Jun 10 2013,$1.252,http://www.tennisinsight.com/match_stats_popup.php?matchID=180224133,Gael Monfils
May 27 2013,$5.777,http://www.atpworldtour.com/Share/Match-Facts-Pop-Up.aspx?t=416&y=2013&r=6&p=N409,Rafael Nadal
May 19 2013,$5.701,http://www.atpworldtour.com/Share/Match-Facts-Pop-Up.aspx?t=416&y=2013&r=5&p=BA47,Novak Djokovic
May 19 2013,$1.325,http://www.atpworldtour.com/Share/Match-Facts-Pop-Up.aspx?t=416&y=2013&r=4&p=BA47,Kevin Anderson
May 19 2013,$1.138,http://www.atpworldtour.com/Share/Match-Facts-Pop-Up.aspx?t=416&y=2013&r=3&p=BA47,Denis Istomin
May 19 2013,$1.939,http://www.atpworldtour.com/Share/Match-Facts-Pop-Up.aspx?t=1536&y=2013&r=6&p=W367,Stan Wawrinka
May 19 2013,$2.058,http://www.atpworldtour.com/Share/Match-Facts-Pop-Up.aspx?t=1536&y=2013&r=5&p=BA47,Andy Murray
May 5 2013,$1.366,http://www.atpworldtour.com/Share/Match-Facts-Pop-Up.aspx?t=1536&y=2013&r=4&p=BA47,Kevin Anderson
May 5 2013,$1.351,http://www.atpworldtour.com/Share/Match-Facts-Pop-Up.aspx?t=1536&y=2013&r=3&p=BA47,Jerzy Janowicz
May 5 2013,$1.469,http://www.atpworldtour.com/Share/Match-Facts-Pop-Up.aspx?t=425&y=2013&r=4&p=R419,Tommy Robredo
May 5 2013,$1.454,http://www.atpworldtour.com/Share/Match-Facts-Pop-Up.aspx?t=425&y=2013&r=3&p=BA47,Nikolay Davydenko
Apr 22 2013,$1.276,http://www.atpworldtour.com/Share/Match-Facts-Pop-Up.aspx?t=410&y=2013&r=4&p=F510,Fabio Fognini
Apr 22 2013,$1.136,http://www.atpworldtour.com/Share/Match-Facts-Pop-Up.aspx?t=410&y=2013&r=3&p=BA47,Marcel Granollers
Apr 15 2013,$1.446,http://www.atpworldtour.com/Share/Match-Facts-Pop-Up.aspx?t=403&y=2013&r=5&p=G628,Richard Gasquet
Apr 15 2013,$1.335,http://www.atpworldtour.com/Share/Match-Facts-Pop-Up.aspx?t=403&y=2013&r=4&p=BA47,Sam Querrey
Mar 18 2013,$1.069,http://www.atpworldtour.com/Share/Match-Facts-Pop-Up.aspx?t=403&y=2013&r=3&p=BA47,Alejandro Falla
Mar 18 2013,$1.042,http://www.atpworldtour.com/Share/Match-Facts-Pop-Up.aspx?t=403&y=2013&r=2&p=BA47,Daniel Gimeno-Traver
Mar 18 2013,$2.809,http://www.atpworldtour.com/Share/Match-Facts-Pop-Up.aspx?t=404&y=2013&r=6&p=N409,Rafael Nadal
Mar 18 2013,$1.229,http://www.atpworldtour.com/Share/Match-Facts-Pop-Up.aspx?t=404&y=2013&r=5&p=BA47,Kevin Anderson
